Date,RUB,USD
13/01/2015,7.33,477.04
14/01/2015,7.25,478.09
15/01/2015,7.36,478.24
16/01/2015,7.35,478.45
19/01/2015,7.41,478.28
20/01/2015,7.34,477.91
21/01/2015,7.23,476.39
22/01/2015,7.25,473.04
23/01/2015,7.36,471.02
26/01/2015,7.21,472.1
27/01/2015,7.01,474.48
29/01/2015,6.91,475.56
30/01/2015,6.83,476.74
2/2/2015,6.79,476.64
3/2/2015,7.14,476.23
4/2/2015,7.24,476.51
5/2/2015,7.07,476.51
6/2/2015,7.22,477.46
9/2/2015,7.28,478.62
10/2/2015,7.31,478.85
11/2/2015,7.26,479.47
12/2/2015,7.4,479.05
13/02/2015,7.39,478.91
16/02/2015,7.7,478.83
17/02/2015,7.64,479.06
18/02/2015,7.67,479.48
19/02/2015,7.74,479.16
20/02/2015,7.74,478.95
23/02/2015,7.5,478.91
24/02/2015,7.59,478.63
25/02/2015,7.68,478.72
26/02/2015,8,479.11
27/02/2015,7.84,478.76
2/3/2015,7.72,478.6
3/3/2015,7.7,478.57
4/3/2015,7.76,479.05
5/3/2015,7.77,479.54
6/3/2015,8.04,479.59
9/3/2015,7.89,479.51
10/3/2015,7.92,480.38
11/3/2015,7.66,481.53
12/3/2015,7.93,481.75
13/03/2015,7.83,481.28
16/03/2015,7.74,480.85
17/03/2015,7.79,479.74
18/03/2015,7.85,479.46
19/03/2015,7.98,479.03
20/03/2015,7.95,478.36
23/03/2015,8.01,477.71
24/03/2015,8.16,475.18
25/03/2015,8.31,472.45
26/03/2015,8.35,471.78
27/03/2015,8.19,471.63
30/03/2015,8.14,471.21
31/03/2015,8.13,471.13
1/4/2015,8.08,471.33
2/4/2015,8.31,472.37
3/4/2015,8.29,473.05
7/4/2015,8.56,474.15
8/4/2015,8.82,474.99
9/4/2015,9.05,475.55
10/4/2015,9.43,476.34
11/4/2015,9.43,476.32
13/04/2015,9.06,475.3
14/04/2015,9.15,474.06
15/04/2015,9.36,472.64
16/04/2015,9.46,472.27
17/04/2015,9.29,472.28
18/04/2015,9.3,472.61
20/04/2015,9.17,473.18
21/04/2015,8.84,473.43
22/04/2015,8.87,473.96
27/04/2015,9.23,474.42
28/04/2015,9.15,474.95
29/04/2015,9.23,475.94
30/04/2015,9.21,476.42
4/5/2015,9.2,478.26
5/5/2015,9.35,480.62
6/5/2015,9.61,481.39
7/5/2015,9.51,480.96
8/5/2015,9.43,480.98
11/5/2015,9.39,480.49
12/5/2015,9.47,480.57
13/05/2015,9.7,480.91
14/05/2015,9.64,481.74
15/05/2015,9.65,482.9
18/05/2015,9.82,482.33
19/05/2015,9.78,482.27
20/05/2015,9.58,479.77
21/05/2015,9.61,478.1
22/05/2015,9.56,477.36
25/05/2015,9.57,478.32
26/05/2015,9.52,479.9
27/05/2015,9.33,479.33
29/05/2015,9.11,478.54
1/6/2015,8.98,478.05
2/6/2015,8.96,477.19
3/6/2015,8.95,477.4
4/6/2015,8.68,477.52
5/6/2015,8.55,476.86
8/6/2015,8.47,476.24
9/6/2015,8.5,476.17
10/6/2015,8.83,476.86
11/6/2015,8.71,477.12
12/6/2015,8.66,476.62
15/06/2015,8.64,475.7
16/06/2015,8.75,475.03
17/06/2015,8.78,474.44
18/06/2015,8.89,473.96
19/06/2015,8.73,473.42
22/06/2015,8.82,473.08
23/06/2015,8.69,472.93
24/06/2015,8.72,472.56
25/06/2015,8.66,472.65
26/06/2015,8.58,473.18
29/06/2015,8.53,473.06
30/06/2015,8.51,472.53
1/7/2015,8.54,472.22
2/7/2015,8.48,472.45
3/7/2015,8.5,473.52
6/7/2015,8.4,473.45
7/7/2015,8.29,474.39
8/7/2015,8.35,474.94
9/7/2015,8.33,475.63
10/7/2015,8.41,476.35
13/07/2015,8.42,477.18
14/07/2015,8.39,477.84
15/07/2015,8.45,478.41
16/07/2015,8.42,479.25
17/07/2015,8.45,479.93
18/07/2015,8.45,480.28
20/07/2015,8.44,480.33
21/07/2015,8.43,480.57
22/07/2015,8.4,479.94
23/07/2015,8.33,479.17
24/07/2015,8.21,477.85
27/07/2015,8.03,477.9
28/07/2015,7.98,478.54
29/07/2015,8.05,478.81
30/07/2015,8.07,478.65
31/07/2015,7.92,478.29
3/8/2015,7.65,478
4/8/2015,7.62,478.47
5/8/2015,7.6,478.53
6/8/2015,7.46,478.32
7/8/2015,7.45,478.29
10/8/2015,7.43,478.6
11/8/2015,7.52,478.57
12/8/2015,7.4,478.32
13/08/2015,7.45,478.44
14/08/2015,7.37,478.05
17/08/2015,7.3,478.07
18/08/2015,7.28,477.62
19/08/2015,7.27,477.29
20/08/2015,7.08,476.82
21/08/2015,7.01,477.7
24/08/2015,6.82,483.43
25/08/2015,6.97,484.47
26/08/2015,6.96,485.49
27/08/2015,7.23,484.7
28/08/2015,7.25,483.53
31/08/2015,7.19,482.77
1/9/2015,7.43,483.02
2/9/2015,7.23,484.4
3/9/2015,7.24,485.49
4/9/2015,7.18,485.43
7/9/2015,7.11,485.4
8/9/2015,7.08,485.18
9/9/2015,7.17,485.55
10/9/2015,7.13,485.61
11/9/2015,7.17,485.08
15/09/2015,7.22,484.08
16/09/2015,7.32,482.76
17/09/2015,7.33,481.74
18/09/2015,7.32,480.56
19/09/2015,7.3,478.99
22/09/2015,7.21,477.54
23/09/2015,7.21,476.53
24/09/2015,7.15,474.62
25/09/2015,7.25,475.35
28/09/2015,7.25,475.81
29/09/2015,7.19,475.59
30/09/2015,7.25,473.71
1/10/2015,7.25,472.85
2/10/2015,7.16,473.15
5/10/2015,7.27,473.81
6/10/2015,7.28,473.45
7/10/2015,7.59,472.37
8/10/2015,7.57,472.16
9/10/2015,7.7,473.08
12/10/2015,7.76,473.99
13/10/2015,7.56,474.38
14/10/2015,7.51,473.83
15/10/2015,7.62,473.05
16/10/2015,7.69,472.74
19/10/2015,7.64,473.13
20/10/2015,7.6,472.99
21/10/2015,7.52,471.81
22/10/2015,7.5,470.07
23/10/2015,7.58,469.79
26/10/2015,7.56,470.74
27/10/2015,7.4,471.41
28/10/2015,7.29,471.86
29/10/2015,7.35,472.58
30/10/2015,7.37,472.78
2/11/2015,7.37,473.4
3/11/2015,7.43,474.48
4/11/2015,7.59,475.56
5/11/2015,7.5,476.32
6/11/2015,7.48,477.72
9/11/2015,7.46,479.86
10/11/2015,7.47,481.62
11/11/2015,7.49,482.65
12/11/2015,7.31,480.88
13/11/2015,7.24,481.76
16/11/2015,7.27,481.88
17/11/2015,7.38,482.24
18/11/2015,7.45,481.91
19/11/2015,7.42,481.84
20/11/2015,7.43,481.7
23/11/2015,7.27,481.37
24/11/2015,7.31,481.06
25/11/2015,7.34,480.79
26/11/2015,7.33,481.28
27/11/2015,7.27,481.92
30/11/2015,7.26,482.81
1/12/2015,7.28,482.93
2/12/2015,7.22,483.71
3/12/2015,7.15,484.59
4/12/2015,7.18,484.43
7/12/2015,7.07,484.44
8/12/2015,7,484.6
9/12/2015,7,484.79
10/12/2015,7.01,485.24
11/12/2015,6.96,484.79
14/12/2015,6.88,484.22
15/12/2015,6.85,483.98
16/12/2015,6.89,483.66
17/12/2015,6.83,482.85
18/12/2015,6.79,481.04
21/12/2015,6.74,479.49
22/12/2015,6.73,478.97
23/12/2015,6.76,479.84
24/12/2015,6.86,480.46
25/12/2015,6.89,482.55
28/12/2015,6.66,481.63
29/12/2015,6.65,482.5
30/12/2015,6.62,483.75
8/1/2016,6.58,484.68
11/1/2016,6.44,485.1
12/1/2016,6.35,483.67
13/01/2016,6.34,485.01
14/01/2016,6.32,483.45
15/01/2016,6.29,484.74
18/01/2016,6.17,485.3
19/01/2016,6.2,485.87
20/01/2016,6.08,485.69
21/01/2016,5.77,486.35
22/01/2016,6.08,487.33
25/01/2016,6.19,487.99
26/01/2016,6.08,488.23
27/01/2016,6.21,488.48
29/01/2016,6.48,488.75
1/2/2016,6.43,489.16
2/2/2016,6.19,489.82
3/2/2016,6.25,491.78
4/2/2016,6.47,492.41
5/2/2016,6.44,493.7
8/2/2016,6.42,494.63
9/2/2016,6.29,494.24
10/2/2016,6.29,495.09
11/2/2016,6.25,495.86
12/2/2016,6.25,496.05
15/02/2016,6.37,495.61
16/02/2016,6.42,496.11
17/02/2016,6.42,495.19
18/02/2016,6.6,495.88
19/02/2016,6.48,495.53
22/02/2016,6.51,494.74
23/02/2016,6.52,493.38
24/02/2016,6.38,492.22
25/02/2016,6.44,491.7
26/02/2016,6.57,492.04
29/02/2016,6.46,491.34
1/3/2016,6.67,491.6
2/3/2016,6.62,490.48
3/3/2016,6.64,490
4/3/2016,6.69,490.7
9/3/2016,6.79,490.73
10/3/2016,6.93,490.9
11/3/2016,6.99,490.63
12/3/2016,6.99,490.23
14/03/2016,6.97,489.11
15/03/2016,6.89,487.41
16/03/2016,6.88,486.98
17/03/2016,7.11,486.85
18/03/2016,7.08,486.07
21/03/2016,7.09,483.86
22/03/2016,7.1,480.84
23/03/2016,7.09,479.93
24/03/2016,6.92,480.73
25/03/2016,7.09,482.16
29/03/2016,7,481.67
30/03/2016,7.13,481.26
31/03/2016,7.14,480.79
1/4/2016,7.11,480.61
2/4/2016,7.11,480.88
4/4/2016,7.05,481.66
5/4/2016,6.97,481.94
6/4/2016,7.02,482.01
7/4/2016,7.11,482.61
8/4/2016,7.18,483.48
11/4/2016,7.22,483.88
12/4/2016,7.3,483.79
13/04/2016,7.4,483.68
14/04/2016,7.29,483.03
15/04/2016,7.31,482.36
18/04/2016,7.13,481.55
19/04/2016,7.34,481.24
20/04/2016,7.34,480.58
21/04/2016,7.36,479.37
22/04/2016,7.23,479.13
25/04/2016,7.21,479.07
26/04/2016,7.22,479.49
27/04/2016,7.36,479.38
28/04/2016,7.4,479.6
29/04/2016,7.44,478.61
2/5/2016,7.37,478.56
3/5/2016,7.31,478.49
4/5/2016,7.21,478.74
5/5/2016,7.26,478.61
6/5/2016,7.23,478.96
10/5/2016,7.22,479.03
11/5/2016,7.25,479.09
12/5/2016,7.39,479.45
13/05/2016,7.35,479.34
16/05/2016,7.36,478.83
17/05/2016,7.41,478.74
18/05/2016,7.33,478
19/05/2016,7.19,478.37
20/05/2016,7.17,477.63
23/05/2016,7.12,477.58
24/05/2016,7.14,477.7
25/05/2016,7.25,477.78
26/05/2016,7.32,477.79
27/05/2016,7.24,477.82
30/05/2016,7.23,477.66
31/05/2016,7.24,477.55
1/6/2016,7.14,477.88
2/6/2016,7.16,477.99
3/6/2016,7.14,478.06
6/6/2016,7.29,478.3
7/6/2016,7.36,478.82
8/6/2016,7.43,478.82
9/6/2016,7.47,478.87
10/6/2016,7.41,479.16
13/06/2016,7.27,478.29
14/06/2016,7.24,478.82
15/06/2016,7.27,478.33
16/06/2016,7.26,477.86
17/06/2016,7.31,477.06
20/06/2016,7.44,476.89
21/06/2016,7.43,476.38
22/06/2016,7.44,475.98
23/06/2016,7.44,476.32
24/06/2016,7.28,476.02
27/06/2016,7.33,475.94
28/06/2016,7.38,476.79
29/06/2016,7.42,476.33
30/06/2016,7.44,476.68
1/7/2016,7.43,476.83
4/7/2016,7.46,477.16
6/7/2016,7.38,476.93
7/7/2016,7.45,476.93
8/7/2016,7.43,476.72
11/7/2016,7.43,476.74
12/7/2016,7.45,476.35
13/07/2016,7.47,476.62
14/07/2016,7.46,476.41
15/07/2016,7.54,476.75
18/07/2016,7.55,476.5
19/07/2016,7.56,476.41
20/07/2016,7.53,476.56
21/07/2016,7.45,476.07
22/07/2016,7.39,476.15
25/07/2016,7.34,476.08
26/07/2016,7.23,476.29
27/07/2016,7.21,476.38
28/07/2016,7.18,476.41
29/07/2016,7.11,476.13
1/8/2016,7.19,476.38
2/8/2016,7.14,476.04
3/8/2016,7.14,476.14
4/8/2016,7.16,476.16
5/8/2016,7.28,476.02
8/8/2016,7.34,476.14
9/8/2016,7.37,476.19
10/8/2016,7.35,476.25
11/8/2016,7.36,476.25
12/8/2016,7.36,476.2
15/08/2016,7.4,475.79
16/08/2016,7.48,475.69
17/08/2016,7.42,475.31
18/08/2016,7.47,475.3
19/08/2016,7.41,474.69
22/08/2016,7.38,474.53
23/08/2016,7.32,474.25
24/08/2016,7.32,474.34
25/08/2016,7.32,474.68
26/08/2016,7.33,474.85
29/08/2016,7.29,474.6
30/08/2016,7.31,474.73
31/08/2016,7.28,474.75
1/9/2016,7.27,474.69
2/9/2016,7.22,474.78
5/9/2016,7.33,474.75
6/9/2016,7.33,474.71
7/9/2016,7.37,474.57
8/9/2016,7.43,474.96
9/9/2016,7.39,474.26
13/09/2016,7.32,474.14
14/09/2016,7.29,474
15/09/2016,7.3,473.96
16/09/2016,7.28,473.74
19/09/2016,7.31,473.86
20/09/2016,7.29,473.56
22/09/2016,7.42,473.62
23/09/2016,7.44,473.41
24/09/2016,7.44,473.4
26/09/2016,7.4,473.29
27/09/2016,7.43,473.42
28/09/2016,7.41,474.03
29/09/2016,7.51,474.57
30/09/2016,7.49,474.46
3/10/2016,7.6,474.34
4/10/2016,7.59,474.36
5/10/2016,7.59,473.86
6/10/2016,7.61,474.49
7/10/2016,7.6,474.59
10/10/2016,7.61,474.46
11/10/2016,7.62,475.34
12/10/2016,7.61,476.24
13/10/2016,7.54,476.95
14/10/2016,7.57,476.56
17/10/2016,7.54,475.75
18/10/2016,7.57,475.56
19/10/2016,7.61,475.33
20/10/2016,7.61,475.3
21/10/2016,7.63,475.26
24/10/2016,7.64,475.3
25/10/2016,7.66,475.4
26/10/2016,7.64,475.55
27/10/2016,7.54,475.23
28/10/2016,7.55,475.34
31/10/2016,7.53,475.14
1/11/2016,7.52,475.36
2/11/2016,7.49,475.84
3/11/2016,7.48,476.16
4/11/2016,7.49,476.83
7/11/2016,7.49,477.86
8/11/2016,7.53,479.48
9/11/2016,7.5,478.63
10/11/2016,7.54,478.39
11/11/2016,7.29,477.34
14/11/2016,7.23,478.41
15/11/2016,7.32,478.9
16/11/2016,7.33,479.03
17/11/2016,7.4,479.26
18/11/2016,7.36,479.38
21/11/2016,7.46,479.21
22/11/2016,7.54,479.32
23/11/2016,7.46,479.32
24/11/2016,7.45,479.18
25/11/2016,7.44,479.4
28/11/2016,7.39,479.72
29/11/2016,7.39,480.11
30/11/2016,7.41,480.2
1/12/2016,7.51,480.71
2/12/2016,7.48,480.74
5/12/2016,7.54,480.92
6/12/2016,7.55,481.62
7/12/2016,7.57,482.26
8/12/2016,7.62,482.84
9/12/2016,7.67,483.58
12/12/2016,7.93,484.86
13/12/2016,7.94,484.31
14/12/2016,7.98,485.35
15/12/2016,7.88,485
16/12/2016,7.86,484.17
19/12/2016,7.82,482.68
20/12/2016,7.81,481.6
21/12/2016,7.87,480.68
22/12/2016,7.92,481.77
23/12/2016,7.91,482.14
26/12/2016,7.94,482.68
27/12/2016,7.95,483.33
28/12/2016,7.98,483.58
29/12/2016,8.04,483.65
30/12/2016,7.88,483.94
9/1/2017,8.09,484.63
10/1/2017,8.08,484.71
11/1/2017,8.07,485
12/1/2017,8.18,485.39
13/01/2017,8.17,485.68
16/01/2017,8.16,485.92
17/01/2017,8.21,486.32
18/01/2017,8.22,486.67
19/01/2017,8.11,487.19
20/01/2017,8.15,486.21
23/01/2017,8.19,486.33
24/01/2017,8.22,486.36
25/01/2017,8.19,486.15
26/01/2017,8.12,486.48
27/01/2017,8.1,486.38
30/01/2017,8.11,486.23
31/01/2017,8.11,486.5
1/2/2017,8.06,485.97
2/2/2017,8.15,485.91
3/2/2017,8.16,485.8
6/2/2017,8.26,485.79
7/2/2017,8.18,486.07
8/2/2017,8.18,486.36
9/2/2017,8.25,486.66
10/2/2017,8.3,486.79
13/02/2017,8.41,486.84
14/02/2017,8.44,486.56
15/02/2017,8.48,486.62
16/02/2017,8.51,486.69
17/02/2017,8.43,486.74
20/02/2017,8.4,486.81
21/02/2017,8.4,486.95
22/02/2017,8.41,486.74
23/02/2017,8.4,486.66
24/02/2017,8.41,486.78
27/02/2017,8.43,486.7
28/02/2017,8.4,486.7
1/3/2017,8.38,486.71
2/3/2017,8.31,486.75
3/3/2017,8.29,486.82
6/3/2017,8.39,486.71
7/3/2017,8.37,486.62
9/3/2017,8.26,486.46
10/3/2017,8.24,486.03
13/03/2017,8.23,485.84
14/03/2017,8.22,485.17
15/03/2017,8.2,484.16
16/03/2017,8.34,483.95
17/03/2017,8.37,483.51
20/03/2017,8.41,483.46
21/03/2017,8.46,483.47
22/03/2017,8.36,483.51
23/03/2017,8.41,484.04
24/03/2017,8.44,484.04
27/03/2017,8.52,484
28/03/2017,8.48,483.91
29/03/2017,8.49,483.82
30/03/2017,8.59,483.87
31/03/2017,8.59,483.45
3/4/2017,8.59,483.83
4/4/2017,8.57,484.18
5/4/2017,8.65,484.56
6/4/2017,8.59,484.8
7/4/2017,8.52,485.23
10/4/2017,8.47,485.61
11/4/2017,8.55,486.04
12/4/2017,8.57,486.57
13/04/2017,8.6,486.59
14/04/2017,8.65,486.09
18/04/2017,8.66,485.87
19/04/2017,8.66,485.47
20/04/2017,8.61,484.88
21/04/2017,8.61,484.51
25/04/2017,8.65,484.45
26/04/2017,8.57,484.53
27/04/2017,8.53,484.62
28/04/2017,8.5,484.68
2/5/2017,8.5,484.68
3/5/2017,8.48,484.84
4/5/2017,8.41,484.77
5/5/2017,8.31,484.77
6/5/2017,8.31,484.68
10/5/2017,8.35,484.41
11/5/2017,8.49,484.44
12/5/2017,8.46,484.17
15/05/2017,8.6,484.14
16/05/2017,8.58,484.02
17/05/2017,8.52,483.86
18/05/2017,8.35,483.29
19/05/2017,8.47,483.15
20/05/2017,8.46,483.05
22/05/2017,8.54,482.89
23/05/2017,8.53,482.59
24/05/2017,8.55,482.13
25/05/2017,8.56,482.01
26/05/2017,8.5,481.77
29/05/2017,8.53,481.79
30/05/2017,8.52,481.7
31/05/2017,8.5,482
1/6/2017,8.52,482.14
2/6/2017,8.5,482.12
5/6/2017,8.52,482.19
6/6/2017,8.5,482.49
7/6/2017,8.52,482.56
8/6/2017,8.47,482.57
9/6/2017,8.47,482.48
12/6/2017,8.45,482.62
13/06/2017,8.48,482.56
14/06/2017,8.46,482.58
15/06/2017,8.39,482.07
16/06/2017,8.35,481.77
19/06/2017,8.29,481.08
20/06/2017,8.15,480.54
21/06/2017,8.06,480.44
22/06/2017,8.04,480.22
23/06/2017,8.07,480.39
26/06/2017,8.13,480.45
27/06/2017,8.15,480.49
28/06/2017,8.07,480.44
29/06/2017,8.14,480.69
30/06/2017,8.1,480.47
3/7/2017,8.11,480.57
4/7/2017,8.1,480.26
6/7/2017,7.97,479.82
7/7/2017,7.94,479.53
10/7/2017,7.94,479.55
11/7/2017,7.89,479.13
12/7/2017,7.89,478.91
13/07/2017,8,478.9
14/07/2017,8.02,478.88
17/07/2017,8.09,478.68
18/07/2017,8.1,478.46
19/07/2017,8.1,478.54
20/07/2017,8.1,478.62
21/07/2017,8.14,478.82
24/07/2017,7.99,478.85
25/07/2017,7.98,478.83
26/07/2017,7.99,478.76
27/07/2017,8.06,478.73
28/07/2017,8.05,478.65
31/07/2017,7.98,478.36
1/8/2017,7.98,478.61
2/8/2017,7.89,478.58
3/8/2017,7.91,478.72
4/8/2017,7.93,478.77
7/8/2017,7.96,478.74
8/8/2017,7.99,478.91
9/8/2017,7.98,478.71
10/8/2017,8,478.75
11/8/2017,7.95,478.52
14/08/2017,8,478.27
15/08/2017,7.98,478.57
16/08/2017,8.03,478.51
17/08/2017,8.05,478.2
18/08/2017,8.05,478.57
21/08/2017,8.1,478.42
22/08/2017,8.1,478.55
23/08/2017,8.1,478.55
24/08/2017,8.1,478.77
25/08/2017,8.1,478.94
28/08/2017,8.19,478.99
29/08/2017,8.14,478.65
30/08/2017,8.16,478.39
31/08/2017,8.19,478.44
1/9/2017,8.25,478.45
4/9/2017,8.26,478.22
5/9/2017,8.27,478.29
6/9/2017,8.33,478.26
7/9/2017,8.38,478.25
8/9/2017,8.38,478.16
11/9/2017,8.37,478.22
12/9/2017,8.32,478.35
13/09/2017,8.27,478.26
14/09/2017,8.3,478.37
15/09/2017,8.31,478.39
19/09/2017,8.23,478.38
20/09/2017,8.26,478.23
22/09/2017,8.31,478.3
23/09/2017,8.31,477.88
25/09/2017,8.33,477.89
26/09/2017,8.3,478.04
27/09/2017,8.22,478.03
28/09/2017,8.22,478.32
29/09/2017,8.27,478.41
2/10/2017,8.26,478.04
3/10/2017,8.24,478.27
4/10/2017,8.28,478.38
5/10/2017,8.33,478.45
6/10/2017,8.29,478.75
9/10/2017,8.21,478.95
10/10/2017,8.28,479.56
11/10/2017,8.3,480.22
12/10/2017,8.33,480.32
13/10/2017,8.34,480.99
16/10/2017,8.41,481.32
17/10/2017,8.4,481.35
18/10/2017,8.39,481.5
19/10/2017,8.37,481.73
20/10/2017,8.37,481.93
23/10/2017,8.39,482.25
24/10/2017,8.39,482.33
25/10/2017,8.38,482.28
26/10/2017,8.36,482.24
27/10/2017,8.3,482.24
30/10/2017,8.35,482.36
31/10/2017,8.3,482.87
1/11/2017,8.3,483.06
2/11/2017,8.32,483.99
3/11/2017,8.28,484.37
6/11/2017,8.23,485.16
7/11/2017,8.27,485.74
8/11/2017,8.2,486.22
9/11/2017,8.22,487.3
10/11/2017,8.23,487.29
13/11/2017,8.2,487.57
14/11/2017,8.19,488.03
15/11/2017,8.09,487.98
16/11/2017,8.14,487.42
17/11/2017,8.17,486.78
20/11/2017,8.19,484.78
21/11/2017,8.15,483.66
22/11/2017,8.21,483.75
23/11/2017,8.29,483.86
24/11/2017,8.28,483.99
27/11/2017,8.32,484.17
28/11/2017,8.3,484.21
29/11/2017,8.31,484.33
30/11/2017,8.26,484.3
1/12/2017,8.25,484.21
4/12/2017,8.22,484.34
5/12/2017,8.26,484.66
6/12/2017,8.22,484.96
7/12/2017,8.2,485.33
8/12/2017,8.18,485.25
11/12/2017,8.19,484.75
12/12/2017,8.23,484.11
13/12/2017,8.18,483.55
14/12/2017,8.24,482.74
15/12/2017,8.19,482.36
18/12/2017,8.23,482.21
19/12/2017,8.22,482.09
20/12/2017,8.21,481.54
21/12/2017,8.22,481.18
22/12/2017,8.24,480.55
25/12/2017,8.29,481.43
26/12/2017,8.35,481.97
27/12/2017,8.36,482.31
28/12/2017,8.41,483.17
29/12/2017,8.4,484.1
8/1/2018,8.5,484.93
9/1/2018,8.49,484.91
10/1/2018,8.51,484.75
11/1/2018,8.5,484.31
12/1/2018,8.55,483.51
15/01/2018,8.57,483.21
16/01/2018,8.56,483.01
17/01/2018,8.53,482.99
18/01/2018,8.51,482.69
19/01/2018,8.52,481.96
22/01/2018,8.52,481.64
23/01/2018,8.52,481.17
24/01/2018,8.53,480.77
25/01/2018,8.61,480.65
26/01/2018,8.61,480.6
29/01/2018,8.54,480.65
30/01/2018,8.58,480.63
31/01/2018,8.56,480.81
1/2/2018,8.56,480.98
2/2/2018,8.55,481.04
5/2/2018,8.52,481.58
6/2/2018,8.44,481.98
7/2/2018,8.44,482.35
8/2/2018,8.32,481.86
9/2/2018,8.32,483.11
12/2/2018,8.32,482.57
13/02/2018,8.34,482.38
14/02/2018,8.37,481.61
15/02/2018,8.5,481.3
16/02/2018,8.53,480.94
19/02/2018,8.52,480.81
20/02/2018,8.47,480.58
21/02/2018,8.49,480.46
22/02/2018,8.47,480.57
23/02/2018,8.52,480.63
26/02/2018,8.6,480.84
27/02/2018,8.62,480.99
28/02/2018,8.55,480.81
1/3/2018,8.48,480.94
2/3/2018,8.48,480.8
5/3/2018,8.43,480.79
6/3/2018,8.5,480.64
7/3/2018,8.43,480.73
12/3/2018,8.46,480.72
13/03/2018,8.44,480.51
14/03/2018,8.44,480.35
15/03/2018,8.43,480.41
16/03/2018,8.35,480.34
17/03/2018,8.35,480.39
19/03/2018,8.33,480.28
20/03/2018,8.3,480.08
21/03/2018,8.34,480.26
22/03/2018,8.44,480.06
23/03/2018,8.4,480.17
26/03/2018,8.44,480.43
27/03/2018,8.41,480.27
28/03/2018,8.34,480.22
29/03/2018,8.33,480.22
30/03/2018,8.36,480.06
3/4/2018,8.34,480.23
4/4/2018,8.3,480.28
5/4/2018,8.35,480.21
6/4/2018,8.3,480.46
7/4/2018,8.3,480.74
9/4/2018,8.09,480.88
10/4/2018,7.71,481.76
11/4/2018,7.52,483.12
12/4/2018,7.81,483.72
13/04/2018,7.85,482.92
16/04/2018,7.8,482.36
17/04/2018,7.83,481.79
18/04/2018,7.79,480.99
19/04/2018,7.86,480.19
20/04/2018,7.82,480.18
23/04/2018,7.74,480.13
25/04/2018,7.78,480.46
26/04/2018,7.68,481.96
27/04/2018,7.71,483.32
2/5/2018,7.59,483.29
3/5/2018,7.65,484.71
4/5/2018,7.65,484.75
5/5/2018,7.66,485.37
7/5/2018,7.73,486.19
8/5/2018,7.69,486.68
10/5/2018,7.81,486.56
11/5/2018,7.88,486.06
14/05/2018,7.86,485.3
15/05/2018,7.83,484.56
16/05/2018,7.74,483.83
17/05/2018,7.81,483.36
18/05/2018,7.76,483.26
21/05/2018,7.74,483.03
22/05/2018,7.88,482.67
23/05/2018,7.83,482.48
24/05/2018,7.86,482.65
25/05/2018,7.81,482.76
29/05/2018,7.7,482.98
30/05/2018,7.74,482.83
31/05/2018,7.77,482.51
1/6/2018,7.77,482.86
4/6/2018,7.8,482.9
5/6/2018,7.78,483.02
6/6/2018,7.8,483.3
7/6/2018,7.82,483.49
8/6/2018,7.7,483.22
11/6/2018,7.71,483.14
12/6/2018,7.71,482.85
13/06/2018,7.67,482.68
14/06/2018,7.76,482.73
15/06/2018,7.69,482.68
18/06/2018,7.62,482.59
19/06/2018,7.52,482.26
20/06/2018,7.59,482.02
21/06/2018,7.55,482.2
22/06/2018,7.64,482.19
25/06/2018,7.67,482.34
26/06/2018,7.66,482.23
27/06/2018,7.62,482.08
28/06/2018,7.63,482.07
29/06/2018,7.69,482.24
2/7/2018,7.64,482.49
3/7/2018,7.63,482.7
4/7/2018,7.63,482.95
6/7/2018,7.65,483.17
9/7/2018,7.69,482.61
10/7/2018,7.72,482.24
11/7/2018,7.75,482.23
12/7/2018,7.75,481.49
13/07/2018,7.73,481.17
16/07/2018,7.73,480.8
17/07/2018,7.69,480.37
18/07/2018,7.62,480.3
19/07/2018,7.57,480.6
20/07/2018,7.58,480.62
23/07/2018,7.62,481
24/07/2018,7.66,480.81
25/07/2018,7.64,480.88
26/07/2018,7.64,481.01
27/07/2018,7.63,480.89
30/07/2018,7.68,480.82
31/07/2018,7.71,480.95
1/8/2018,7.68,480.95
2/8/2018,7.6,481.16
3/8/2018,7.58,481.28
6/8/2018,7.58,481.5
7/8/2018,7.59,481.69
8/8/2018,7.51,481.78
9/8/2018,7.32,481.81
10/8/2018,7.21,482.16
13/08/2018,7.1,482.63
14/08/2018,7.23,483.03
15/08/2018,7.23,483.02
16/08/2018,7.23,483.14
17/08/2018,7.16,483.14
20/08/2018,7.2,483.1
21/08/2018,7.17,482.76
22/08/2018,7.14,482.9
23/08/2018,7,482.87
24/08/2018,7.12,482.91
27/08/2018,7.18,482.81
28/08/2018,7.17,482.73
29/08/2018,7.1,482.6
30/08/2018,7.09,482.76
31/08/2018,7.1,483.07
3/9/2018,7.12,483.38
4/9/2018,7.09,483.73
5/9/2018,7.07,484.1
6/9/2018,7.09,484.52
7/9/2018,7.03,484.69
10/9/2018,6.92,484.95
11/9/2018,6.92,485.41
12/9/2018,6.99,485.37
13/09/2018,7.08,485.26
14/09/2018,7.08,485.09
17/09/2018,7.11,485.16
18/09/2018,7.15,484.37
19/09/2018,7.22,483.62
20/09/2018,7.28,482.44
24/09/2018,7.31,482.27
25/09/2018,7.32,481.66
26/09/2018,7.32,481.66
27/09/2018,7.33,482.25
28/09/2018,7.33,482.71
1/10/2018,7.37,483.28
2/10/2018,7.38,483.46
3/10/2018,7.39,484.26
4/10/2018,7.32,485.06
5/10/2018,7.27,485.51
8/10/2018,7.26,485.99
9/10/2018,7.29,485.99
10/10/2018,7.34,485.62
15/10/2018,7.4,485.28
16/10/2018,7.4,484.57
17/10/2018,7.38,483.9
18/10/2018,7.38,483.48
19/10/2018,7.37,483.8
22/10/2018,7.41,484.13
23/10/2018,7.42,484.35
24/10/2018,7.39,484.67
25/10/2018,7.39,485.16
26/10/2018,7.39,485.94
27/10/2018,7.38,485.8
29/10/2018,7.4,485.97
30/10/2018,7.4,485.99
31/10/2018,7.4,486.24
1/11/2018,7.42,486.55
2/11/2018,7.41,486.85
3/11/2018,7.42,487.16
5/11/2018,7.35,487.52
6/11/2018,7.4,487.88
7/11/2018,7.39,487.66
8/11/2018,7.35,487.82
9/11/2018,7.29,487.95
12/11/2018,7.22,488.57
13/11/2018,7.21,488.68
14/11/2018,7.21,487.96
15/11/2018,7.31,487.27
16/11/2018,7.35,485.72
19/11/2018,7.37,485.09
20/11/2018,7.38,484.7
21/11/2018,7.35,484.29
22/11/2018,7.38,484.26
23/11/2018,7.38,484.47
26/11/2018,7.29,484.69
27/11/2018,7.27,485.08
28/11/2018,7.2,485.05
29/11/2018,7.28,485.09
30/11/2018,7.26,485.23
3/12/2018,7.3,485.06
4/12/2018,7.32,485.2
5/12/2018,7.27,485.12
6/12/2018,7.24,485.26
7/12/2018,7.25,484.99
10/12/2018,7.32,485.13
11/12/2018,7.3,485.28
12/12/2018,7.31,485.12
13/12/2018,7.32,485.23
14/12/2018,7.3,484.87
17/12/2018,7.29,484.7
18/12/2018,7.27,484.72
19/12/2018,7.21,484.55
20/12/2018,7.2,484.53
21/12/2018,7.1,484.31
24/12/2018,7.08,484.02
25/12/2018,7.03,484
26/12/2018,6.98,483.81
27/12/2018,6.98,483.76
28/12/2018,6.97,483.75
8/1/2019,7.22,484.37
9/1/2019,7.24,484.79
10/1/2019,7.24,485.52
11/1/2019,7.26,485.98
14/01/2019,7.23,486.41
15/01/2019,7.25,486.63
16/01/2019,7.29,486.58
17/01/2019,7.3,485.81
18/01/2019,7.31,485.42
21/01/2019,7.31,485.11
22/01/2019,7.29,485.17
23/01/2019,7.33,485.18
24/01/2019,7.36,485.78
25/01/2019,7.34,485.75
29/01/2019,7.34,486.54
30/01/2019,7.37,486.45
31/01/2019,7.47,486.98
1/2/2019,7.43,487.07
4/2/2019,7.43,487.44
5/2/2019,7.45,487.65
6/2/2019,7.43,488.26
7/2/2019,7.4,488.69
8/2/2019,7.41,489.19
11/2/2019,7.45,489.85
12/2/2019,7.46,489.62
13/02/2019,7.44,488.85
14/02/2019,7.31,487.99
15/02/2019,7.32,487.51
18/02/2019,7.36,487.43
19/02/2019,7.36,487.5
20/02/2019,7.41,487.59
21/02/2019,7.45,488.07
22/02/2019,7.46,488.71
25/02/2019,7.49,488.83
26/02/2019,7.45,488.93
27/02/2019,7.44,489.38
28/02/2019,7.44,489.72
1/3/2019,7.44,490.18
4/3/2019,7.46,490.68
5/3/2019,7.46,490.6
6/3/2019,7.43,489.76
7/3/2019,7.42,489.08
11/3/2019,7.4,488.57
12/3/2019,7.42,488.09
13/03/2019,7.44,487.35
14/03/2019,7.44,486.75
15/03/2019,7.45,486.63
18/03/2019,7.53,486.52
19/03/2019,7.57,486.27
20/03/2019,7.55,485.91
21/03/2019,7.64,486.1
22/03/2019,7.58,485.86
25/03/2019,7.56,485.98
26/03/2019,7.56,486.15
27/03/2019,7.51,486.31
28/03/2019,7.5,486.31
29/03/2019,7.52,486.44
1/4/2019,7.44,486.42
2/4/2019,7.43,486.47
3/4/2019,7.47,486.85
4/4/2019,7.45,487.29
5/4/2019,7.45,487.42
8/4/2019,7.45,487.32
9/4/2019,7.52,486.54
10/4/2019,7.51,485.83
11/4/2019,7.54,485.01
12/4/2019,7.54,485.02
15/04/2019,7.55,484.75
16/04/2019,7.54,484.33
17/04/2019,7.56,483.4
18/04/2019,7.54,482.85
19/04/2019,7.54,482.31
22/04/2019,7.56,481.98
23/04/2019,7.56,481.56
25/04/2019,7.42,481.57
26/04/2019,7.43,481.33
29/04/2019,7.44,481.26
30/04/2019,7.46,480.48
2/5/2019,7.36,480.46
3/5/2019,7.35,480.75
6/5/2019,7.39,481.29
7/5/2019,7.38,481.64
8/5/2019,7.39,481.96
10/5/2019,7.4,482.17
13/05/2019,7.37,481.33
14/05/2019,7.36,480.85
15/05/2019,7.41,480.52
16/05/2019,7.44,480.14
17/05/2019,7.43,479.72
20/05/2019,7.44,480.03
21/05/2019,7.44,479.6
22/05/2019,7.47,479.64
23/05/2019,7.42,479.98
24/05/2019,7.44,480.03
27/05/2019,7.45,480.18
29/05/2019,7.38,480.33
30/05/2019,7.4,480.27
31/05/2019,7.33,480.1
3/6/2019,7.35,480.2
4/6/2019,7.36,480.02
5/6/2019,7.38,479.79
6/6/2019,7.36,479.57
7/6/2019,7.37,479.61
10/6/2019,7.41,479.52
11/6/2019,7.43,479.36
12/6/2019,7.4,479.02
13/06/2019,7.4,478.54
14/06/2019,7.43,478.4
17/06/2019,7.43,477.83
18/06/2019,7.43,477.78
19/06/2019,7.47,478.04
20/06/2019,7.55,477.53
21/06/2019,7.57,477.53
24/06/2019,7.6,477.81
25/06/2019,7.61,477.07
26/06/2019,7.56,477.33
27/06/2019,7.57,477.32
28/06/2019,7.57,477.11
1/7/2019,7.55,476.98
2/7/2019,7.54,477.1
3/7/2019,7.51,477.02
4/7/2019,7.52,477.01
8/7/2019,7.47,476.9
9/7/2019,7.47,477
10/7/2019,7.48,476.59
11/7/2019,7.57,476.94
12/7/2019,7.56,476.68
15/07/2019,7.61,476.68
16/07/2019,7.6,476.74
17/07/2019,7.58,476.45
18/07/2019,7.57,476.41
19/07/2019,7.56,476.48
22/07/2019,7.56,476.18
23/07/2019,7.54,476.13
24/07/2019,7.55,475.98
25/07/2019,7.54,475.94
26/07/2019,7.54,475.97
29/07/2019,7.5,476.12
30/07/2019,7.51,475.82
31/07/2019,7.5,475.81
1/8/2019,7.46,475.91
2/8/2019,7.33,475.9
5/8/2019,7.33,476.15
6/8/2019,7.3,476.19
7/8/2019,7.33,476.47
8/8/2019,7.3,476.21
9/8/2019,7.27,476.13
12/8/2019,7.27,475.9
13/08/2019,7.25,475.94
14/08/2019,7.29,475.74
15/08/2019,7.19,475.87
16/08/2019,7.22,475.92
19/08/2019,7.12,475.91
20/08/2019,7.13,475.9
21/08/2019,7.2,475.94
22/08/2019,7.25,475.91
23/08/2019,7.25,475.99
26/08/2019,7.21,476.21
27/08/2019,7.17,475.93
28/08/2019,7.13,475.86
29/08/2019,7.14,475.96
30/08/2019,7.17,476.1
2/9/2019,7.14,476.17
3/9/2019,7.12,476.33
4/9/2019,7.18,476.5
5/9/2019,7.22,476.34
6/9/2019,7.22,476.55
9/9/2019,7.28,476.65
10/9/2019,7.28,476.35
11/9/2019,7.28,476.34
12/9/2019,7.32,476.22
13/09/2019,7.41,476.18
16/09/2019,7.43,476.16
17/09/2019,7.42,476.1
18/09/2019,7.39,476.22
19/09/2019,7.42,476.26
20/09/2019,7.47,476.13
23/09/2019,7.44,476.26
24/09/2019,7.48,476.1
25/09/2019,7.4,476.07
26/09/2019,7.4,476.02
27/09/2019,7.4,476
30/09/2019,7.34,475.97
1/10/2019,7.32,476.01
2/10/2019,7.28,476.16
3/10/2019,7.32,476.24
4/10/2019,7.35,476.33
7/10/2019,7.34,476.52
8/10/2019,7.33,476.6
9/10/2019,7.35,476.68
10/10/2019,7.36,476.7
11/10/2019,7.42,476.73
14/10/2019,7.42,476.44
15/10/2019,7.4,476.57
16/10/2019,7.42,476.76
17/10/2019,7.45,476.43
18/10/2019,7.45,476.34
21/10/2019,7.48,476.32
22/10/2019,7.48,475.96
23/10/2019,7.45,475.99
24/10/2019,7.44,475.86
25/10/2019,7.44,475.87
28/10/2019,7.48,476.03
29/10/2019,7.44,476.15
30/10/2019,7.46,476.2
31/10/2019,7.44,476.1
1/11/2019,7.45,476.46
4/11/2019,7.45,476.59
5/11/2019,7.53,476.57
6/11/2019,7.48,476.84
7/11/2019,7.5,477.34
8/11/2019,7.47,477.17
11/11/2019,7.47,477.22
12/11/2019,7.46,477.4
13/11/2019,7.42,477.46
14/11/2019,7.45,477.51
15/11/2019,7.48,477.57
18/11/2019,7.48,477.31
19/11/2019,7.49,476.98
20/11/2019,7.46,476.98
21/11/2019,7.47,476.69
22/11/2019,7.49,476.95
25/11/2019,7.47,476.6
26/11/2019,7.45,476.82
27/11/2019,7.46,477.04
28/11/2019,7.45,477.25
29/11/2019,7.46,477.88
2/12/2019,7.43,478.05
3/12/2019,7.46,478.02
4/12/2019,7.47,477.83
5/12/2019,7.49,477.94
6/12/2019,7.5,478.03
9/12/2019,7.49,477.97
10/12/2019,7.52,478.02
11/12/2019,7.53,478.02
12/12/2019,7.56,477.71
13/12/2019,7.66,477.51
16/12/2019,7.61,477.43
17/12/2019,7.62,477.44
18/12/2019,7.63,477.54
19/12/2019,7.65,477.89
20/12/2019,7.69,478.35
23/12/2019,7.68,478.32
24/12/2019,7.72,479.15
25/12/2019,7.77,479.35
26/12/2019,7.76,479.27
27/12/2019,7.74,479.5
30/12/2019,7.77,479.7
